-- MySQL dump 10.13  Distrib 5.1.41, for debian-linux-gnu (i486)
--
-- Host: localhost    Database: picturme
-- ------------------------------------------------------
-- Server version	5.1.41-3ubuntu12.10-log

/*!40101 SET @OLD_CHARACTER_SET_CLIENT=@@CHARACTER_SET_CLIENT */;
/*!40101 SET @OLD_CHARACTER_SET_RESULTS=@@CHARACTER_SET_RESULTS */;
/*!40101 SET @OLD_COLLATION_CONNECTION=@@COLLATION_CONNECTION */;
/*!40101 SET NAMES utf8 */;
/*!40103 SET @OLD_TIME_ZONE=@@TIME_ZONE */;
/*!40103 SET TIME_ZONE='+00:00' */;
/*!40014 SET @OLD_UNIQUE_CHECKS=@@UNIQUE_CHECKS, UNIQUE_CHECKS=0 */;
/*!40014 SET @OLD_FOREIGN_KEY_CHECKS=@@FOREIGN_KEY_CHECKS, FOREIGN_KEY_CHECKS=0 */;
/*!40101 SET @OLD_SQL_MODE=@@SQL_MODE, SQL_MODE='NO_AUTO_VALUE_ON_ZERO' */;
/*!40111 SET @OLD_SQL_NOTES=@@SQL_NOTES, SQL_NOTES=0 */;

--
-- Table structure for table `auth_group`
--

DROP TABLE IF EXISTS `auth_group`;
/*!40101 SET @saved_cs_client     = @@character_set_client */;
/*!40101 SET character_set_client = utf8 */;
CREATE TABLE `auth_group` (
  `id` int(11) NOT NULL AUTO_INCREMENT,
  `name` varchar(80) NOT NULL,
  PRIMARY KEY (`id`),
  UNIQUE KEY `name` (`name`)
) ENGINE=MyISAM DEFAULT CHARSET=utf8;
/*!40101 SET character_set_client = @saved_cs_client */;

--
-- Dumping data for table `auth_group`
--

LOCK TABLES `auth_group` WRITE;
/*!40000 ALTER TABLE `auth_group` DISABLE KEYS */;
/*!40000 ALTER TABLE `auth_group` ENABLE KEYS */;
UNLOCK TABLES;

--
-- Table structure for table `auth_group_permissions`
--

DROP TABLE IF EXISTS `auth_group_permissions`;
/*!40101 SET @saved_cs_client     = @@character_set_client */;
/*!40101 SET character_set_client = utf8 */;
CREATE TABLE `auth_group_permissions` (
  `id` int(11) NOT NULL AUTO_INCREMENT,
  `group_id` int(11) NOT NULL,
  `permission_id` int(11) NOT NULL,
  PRIMARY KEY (`id`),
  UNIQUE KEY `group_id` (`group_id`,`permission_id`),
  KEY `auth_group_permissions_425ae3c4` (`group_id`),
  KEY `auth_group_permissions_1e014c8f` (`permission_id`)
) ENGINE=MyISAM DEFAULT CHARSET=utf8;
/*!40101 SET character_set_client = @saved_cs_client */;

--
-- Dumping data for table `auth_group_permissions`
--

LOCK TABLES `auth_group_permissions` WRITE;
/*!40000 ALTER TABLE `auth_group_permissions` DISABLE KEYS */;
/*!40000 ALTER TABLE `auth_group_permissions` ENABLE KEYS */;
UNLOCK TABLES;

--
-- Table structure for table `auth_message`
--

DROP TABLE IF EXISTS `auth_message`;
/*!40101 SET @saved_cs_client     = @@character_set_client */;
/*!40101 SET character_set_client = utf8 */;
CREATE TABLE `auth_message` (
  `id` int(11) NOT NULL AUTO_INCREMENT,
  `user_id` int(11) NOT NULL,
  `message` longtext NOT NULL,
  PRIMARY KEY (`id`),
  KEY `auth_message_403f60f` (`user_id`)
) ENGINE=MyISAM DEFAULT CHARSET=utf8;
/*!40101 SET character_set_client = @saved_cs_client */;

--
-- Dumping data for table `auth_message`
--

LOCK TABLES `auth_message` WRITE;
/*!40000 ALTER TABLE `auth_message` DISABLE KEYS */;
/*!40000 ALTER TABLE `auth_message` ENABLE KEYS */;
UNLOCK TABLES;

--
-- Table structure for table `auth_permission`
--

DROP TABLE IF EXISTS `auth_permission`;
/*!40101 SET @saved_cs_client     = @@character_set_client */;
/*!40101 SET character_set_client = utf8 */;
CREATE TABLE `auth_permission` (
  `id` int(11) NOT NULL AUTO_INCREMENT,
  `name` varchar(50) NOT NULL,
  `content_type_id` int(11) NOT NULL,
  `codename` varchar(100) NOT NULL,
  PRIMARY KEY (`id`),
  UNIQUE KEY `content_type_id` (`content_type_id`,`codename`),
  KEY `auth_permission_1bb8f392` (`content_type_id`)
) ENGINE=MyISAM AUTO_INCREMENT=37 DEFAULT CHARSET=utf8;
/*!40101 SET character_set_client = @saved_cs_client */;

--
-- Dumping data for table `auth_permission`
--

LOCK TABLES `auth_permission` WRITE;
/*!40000 ALTER TABLE `auth_permission` DISABLE KEYS */;
INSERT INTO `auth_permission` VALUES (1,'Can add permission',1,'add_permission'),(2,'Can change permission',1,'change_permission'),(3,'Can delete permission',1,'delete_permission'),(4,'Can add group',2,'add_group'),(5,'Can change group',2,'change_group'),(6,'Can delete group',2,'delete_group'),(7,'Can add user',3,'add_user'),(8,'Can change user',3,'change_user'),(9,'Can delete user',3,'delete_user'),(10,'Can add message',4,'add_message'),(11,'Can change message',4,'change_message'),(12,'Can delete message',4,'delete_message'),(13,'Can add content type',5,'add_contenttype'),(14,'Can change content type',5,'change_contenttype'),(15,'Can delete content type',5,'delete_contenttype'),(16,'Can add session',6,'add_session'),(17,'Can change session',6,'change_session'),(18,'Can delete session',6,'delete_session'),(19,'Can add site',7,'add_site'),(20,'Can change site',7,'change_site'),(21,'Can delete site',7,'delete_site'),(22,'Can add log entry',8,'add_logentry'),(23,'Can change log entry',8,'change_logentry'),(24,'Can delete log entry',8,'delete_logentry'),(25,'Can add migration history',9,'add_migrationhistory'),(26,'Can change migration history',9,'change_migrationhistory'),(27,'Can delete migration history',9,'delete_migrationhistory'),(28,'Can add pixel',10,'add_pixel'),(29,'Can change pixel',10,'change_pixel'),(30,'Can delete pixel',10,'delete_pixel'),(31,'Can add user image',11,'add_userimage'),(32,'Can change user image',11,'change_userimage'),(33,'Can delete user image',11,'delete_userimage'),(34,'Can add user tiles',12,'add_usertiles'),(35,'Can change user tiles',12,'change_usertiles'),(36,'Can delete user tiles',12,'delete_usertiles');
/*!40000 ALTER TABLE `auth_permission` ENABLE KEYS */;
UNLOCK TABLES;

--
-- Table structure for table `auth_user`
--

DROP TABLE IF EXISTS `auth_user`;
/*!40101 SET @saved_cs_client     = @@character_set_client */;
/*!40101 SET character_set_client = utf8 */;
CREATE TABLE `auth_user` (
  `id` int(11) NOT NULL AUTO_INCREMENT,
  `username` varchar(30) NOT NULL,
  `first_name` varchar(30) NOT NULL,
  `last_name` varchar(30) NOT NULL,
  `email` varchar(75) NOT NULL,
  `password` varchar(128) NOT NULL,
  `is_staff` tinyint(1) NOT NULL,
  `is_active` tinyint(1) NOT NULL,
  `is_superuser` tinyint(1) NOT NULL,
  `last_login` datetime NOT NULL,
  `date_joined` datetime NOT NULL,
  PRIMARY KEY (`id`),
  UNIQUE KEY `username` (`username`)
) ENGINE=MyISAM DEFAULT CHARSET=utf8;
/*!40101 SET character_set_client = @saved_cs_client */;

--
-- Dumping data for table `auth_user`
--

LOCK TABLES `auth_user` WRITE;
/*!40000 ALTER TABLE `auth_user` DISABLE KEYS */;
/*!40000 ALTER TABLE `auth_user` ENABLE KEYS */;
UNLOCK TABLES;

--
-- Table structure for table `auth_user_groups`
--

DROP TABLE IF EXISTS `auth_user_groups`;
/*!40101 SET @saved_cs_client     = @@character_set_client */;
/*!40101 SET character_set_client = utf8 */;
CREATE TABLE `auth_user_groups` (
  `id` int(11) NOT NULL AUTO_INCREMENT,
  `user_id` int(11) NOT NULL,
  `group_id` int(11) NOT NULL,
  PRIMARY KEY (`id`),
  UNIQUE KEY `user_id` (`user_id`,`group_id`),
  KEY `auth_user_groups_403f60f` (`user_id`),
  KEY `auth_user_groups_425ae3c4` (`group_id`)
) ENGINE=MyISAM DEFAULT CHARSET=utf8;
/*!40101 SET character_set_client = @saved_cs_client */;

--
-- Dumping data for table `auth_user_groups`
--

LOCK TABLES `auth_user_groups` WRITE;
/*!40000 ALTER TABLE `auth_user_groups` DISABLE KEYS */;
/*!40000 ALTER TABLE `auth_user_groups` ENABLE KEYS */;
UNLOCK TABLES;

--
-- Table structure for table `auth_user_user_permissions`
--

DROP TABLE IF EXISTS `auth_user_user_permissions`;
/*!40101 SET @saved_cs_client     = @@character_set_client */;
/*!40101 SET character_set_client = utf8 */;
CREATE TABLE `auth_user_user_permissions` (
  `id` int(11) NOT NULL AUTO_INCREMENT,
  `user_id` int(11) NOT NULL,
  `permission_id` int(11) NOT NULL,
  PRIMARY KEY (`id`),
  UNIQUE KEY `user_id` (`user_id`,`permission_id`),
  KEY `auth_user_user_permissions_403f60f` (`user_id`),
  KEY `auth_user_user_permissions_1e014c8f` (`permission_id`)
) ENGINE=MyISAM DEFAULT CHARSET=utf8;
/*!40101 SET character_set_client = @saved_cs_client */;

--
-- Dumping data for table `auth_user_user_permissions`
--

LOCK TABLES `auth_user_user_permissions` WRITE;
/*!40000 ALTER TABLE `auth_user_user_permissions` DISABLE KEYS */;
/*!40000 ALTER TABLE `auth_user_user_permissions` ENABLE KEYS */;
UNLOCK TABLES;

--
-- Table structure for table `django_admin_log`
--

DROP TABLE IF EXISTS `django_admin_log`;
/*!40101 SET @saved_cs_client     = @@character_set_client */;
/*!40101 SET character_set_client = utf8 */;
CREATE TABLE `django_admin_log` (
  `id` int(11) NOT NULL AUTO_INCREMENT,
  `action_time` datetime NOT NULL,
  `user_id` int(11) NOT NULL,
  `content_type_id` int(11) DEFAULT NULL,
  `object_id` longtext,
  `object_repr` varchar(200) NOT NULL,
  `action_flag` smallint(5) unsigned NOT NULL,
  `change_message` longtext NOT NULL,
  PRIMARY KEY (`id`),
  KEY `django_admin_log_403f60f` (`user_id`),
  KEY `django_admin_log_1bb8f392` (`content_type_id`)
) ENGINE=MyISAM DEFAULT CHARSET=utf8;
/*!40101 SET character_set_client = @saved_cs_client */;

--
-- Dumping data for table `django_admin_log`
--

LOCK TABLES `django_admin_log` WRITE;
/*!40000 ALTER TABLE `django_admin_log` DISABLE KEYS */;
/*!40000 ALTER TABLE `django_admin_log` ENABLE KEYS */;
UNLOCK TABLES;

--
-- Table structure for table `django_content_type`
--

DROP TABLE IF EXISTS `django_content_type`;
/*!40101 SET @saved_cs_client     = @@character_set_client */;
/*!40101 SET character_set_client = utf8 */;
CREATE TABLE `django_content_type` (
  `id` int(11) NOT NULL AUTO_INCREMENT,
  `name` varchar(100) NOT NULL,
  `app_label` varchar(100) NOT NULL,
  `model` varchar(100) NOT NULL,
  PRIMARY KEY (`id`),
  UNIQUE KEY `app_label` (`app_label`,`model`)
) ENGINE=MyISAM AUTO_INCREMENT=13 DEFAULT CHARSET=utf8;
/*!40101 SET character_set_client = @saved_cs_client */;

--
-- Dumping data for table `django_content_type`
--

LOCK TABLES `django_content_type` WRITE;
/*!40000 ALTER TABLE `django_content_type` DISABLE KEYS */;
INSERT INTO `django_content_type` VALUES (1,'permission','auth','permission'),(2,'group','auth','group'),(3,'user','auth','user'),(4,'message','auth','message'),(5,'content type','contenttypes','contenttype'),(6,'session','sessions','session'),(7,'site','sites','site'),(8,'log entry','admin','logentry'),(9,'migration history','south','migrationhistory'),(10,'pixel','pixel','pixel'),(11,'user image','pixel','userimage'),(12,'user tiles','pixel','usertiles');
/*!40000 ALTER TABLE `django_content_type` ENABLE KEYS */;
UNLOCK TABLES;

--
-- Table structure for table `django_session`
--

DROP TABLE IF EXISTS `django_session`;
/*!40101 SET @saved_cs_client     = @@character_set_client */;
/*!40101 SET character_set_client = utf8 */;
CREATE TABLE `django_session` (
  `session_key` varchar(40) NOT NULL,
  `session_data` longtext NOT NULL,
  `expire_date` datetime NOT NULL,
  PRIMARY KEY (`session_key`),
  KEY `django_session_3da3d3d8` (`expire_date`)
) ENGINE=MyISAM DEFAULT CHARSET=utf8;
/*!40101 SET character_set_client = @saved_cs_client */;

--
-- Dumping data for table `django_session`
--

LOCK TABLES `django_session` WRITE;
/*!40000 ALTER TABLE `django_session` DISABLE KEYS */;
/*!40000 ALTER TABLE `django_session` ENABLE KEYS */;
UNLOCK TABLES;

--
-- Table structure for table `django_site`
--

DROP TABLE IF EXISTS `django_site`;
/*!40101 SET @saved_cs_client     = @@character_set_client */;
/*!40101 SET character_set_client = utf8 */;
CREATE TABLE `django_site` (
  `id` int(11) NOT NULL AUTO_INCREMENT,
  `domain` varchar(100) NOT NULL,
  `name` varchar(50) NOT NULL,
  PRIMARY KEY (`id`)
) ENGINE=MyISAM AUTO_INCREMENT=2 DEFAULT CHARSET=utf8;
/*!40101 SET character_set_client = @saved_cs_client */;

--
-- Dumping data for table `django_site`
--

LOCK TABLES `django_site` WRITE;
/*!40000 ALTER TABLE `django_site` DISABLE KEYS */;
INSERT INTO `django_site` VALUES (1,'example.com','example.com');
/*!40000 ALTER TABLE `django_site` ENABLE KEYS */;
UNLOCK TABLES;

--
-- Table structure for table `pixel_pixel`
--

DROP TABLE IF EXISTS `pixel_pixel`;
/*!40101 SET @saved_cs_client     = @@character_set_client */;
/*!40101 SET character_set_client = utf8 */;
CREATE TABLE `pixel_pixel` (
  `id` int(11) NOT NULL AUTO_INCREMENT,
  `r` int(10) unsigned NOT NULL,
  `g` int(10) unsigned NOT NULL,
  `b` int(10) unsigned NOT NULL,
  `image1` varchar(100) NOT NULL,
  `qr` int(10) unsigned NOT NULL,
  `qg` int(10) unsigned NOT NULL,
  `qb` int(10) unsigned NOT NULL,
  `url` varchar(200),
  PRIMARY KEY (`id`)
) ENGINE=MyISAM AUTO_INCREMENT=300 DEFAULT CHARSET=utf8;
/*!40101 SET character_set_client = @saved_cs_client */;

--
-- Dumping data for table `pixel_pixel`
--

LOCK TABLES `pixel_pixel` WRITE;
/*!40000 ALTER TABLE `pixel_pixel` DISABLE KEYS */;
INSERT INTO `pixel_pixel` VALUES (1,174,183,191,'tiles/image1/13c24303cb1fa7e7cf716971d085444f.jpg',176,176,176,'http://500px.com/photo/3736915'),(2,62,62,62,'tiles/image1/24b881cae463532038a511afa55e2269.jpg',48,48,48,'http://500px.com/photo/3724814'),(3,190,184,169,'tiles/image1/922785929a4bbb6893dad7451052fc9b.jpg',176,176,176,'http://500px.com/photo/3724638'),(4,158,103,78,'tiles/image1/bce723a593d562fd4e99791b1f902276.jpg',144,112,80,'http://500px.com/photo/3702849'),(5,151,138,138,'tiles/image1/f9603d26e1b1a0d43f476952219c566d.jpg',144,144,144,'http://500px.com/photo/3705874'),(6,65,60,56,'tiles/image1/7ef27d5ce631281b8b1bc07ee34ff401.jpg',80,48,48,'http://500px.com/photo/3697447'),(7,161,148,131,'tiles/image1/0bd6022e5242f0f22225d0b8f3a98b02.jpg',176,144,144,'http://500px.com/photo/3427505'),(8,184,165,165,'tiles/image1/558e6db1967b3b644f85ec10db750eef.jpg',176,176,176,'http://500px.com/photo/3225597'),(9,68,53,44,'tiles/image1/b3061c7e4374aa9133f8dca6a9fbe4b2.jpg',80,48,48,'http://500px.com/photo/3618115'),(10,48,49,52,'tiles/image1/26bd0b2e3413986244659fa8fa6914b4.jpg',48,48,48,'http://500px.com/photo/3644509'),(11,48,33,27,'tiles/image1/b91f45f6886dd2635477380ad4c63505.jpg',48,48,16,'http://500px.com/photo/3648494'),(12,110,108,101,'tiles/image1/d5765c6c60bdbebce0303f23a19403a2.jpg',112,112,112,'http://500px.com/photo/3645240'),(13,120,120,120,'tiles/image1/e01bc2923baa577a91927a7e85ebaaa3.jpg',112,112,112,'http://500px.com/photo/3646370'),(14,98,98,98,'tiles/image1/819b5ae48bbebf92b82f31d36d6645ba.jpg',112,112,112,'http://500px.com/photo/3647131'),(15,65,46,50,'tiles/image1/62593a212e015ab314abd2bf2a61cee6.jpg',80,48,48,'http://500px.com/photo/3629021'),(16,184,156,119,'tiles/image1/39afacf13db849e5676dafeb30186193.jpg',176,144,112,'http://500px.com/photo/3610706'),(17,138,137,135,'tiles/image1/62a75b68c2eb63f5adea4f3532c0b2f7.jpg',144,144,144,'http://500px.com/photo/3602674'),(18,154,143,162,'tiles/image1/c20c2630ba7c90edb8593a7f2f0e1fe6.jpg',144,144,176,'http://500px.com/photo/3596830'),(19,126,126,126,'tiles/image1/52255e14cadd15b5dd77515dc06af91f.jpg',112,112,112,'http://500px.com/photo/3567088'),(20,135,122,103,'tiles/image1/818f7a2a8b7e5f5559faa10277a3dbbb.jpg',144,112,112,'http://500px.com/photo/3570203'),(21,144,144,138,'tiles/image1/64a446aeed5e997885ac0503d7bfbe69.jpg',144,144,144,'http://500px.com/photo/3568550'),(22,86,86,85,'tiles/image1/5eee663236aa9b9307c346ec724e437f.jpg',80,80,80,'http://500px.com/photo/3528826'),(23,173,152,132,'tiles/image1/32433e09280438183a4b33b02be7755b.jpg',176,144,144,'http://500px.com/photo/3511927'),(24,136,126,135,'tiles/image1/60f907dce6e77e9e61e35ee97edb04df.jpg',144,112,144,'http://500px.com/photo/3462860'),(25,61,44,52,'tiles/image1/f835f3add9032e4526a8e7f7d9dcd547.jpg',48,48,48,'http://500px.com/photo/3501810'),(26,57,57,57,'tiles/image1/27eb0d7bc18b72b4a96bda445b18c4ad.jpg',48,48,48,'http://500px.com/photo/3499435'),(27,66,79,97,'tiles/image1/a76d5d41ff51f93f9e08c87170ce4558.jpg',80,80,112,'http://500px.com/photo/3493774'),(28,88,88,88,'tiles/image1/84c0aab3811a4447aedecca00d27c260.jpg',80,80,80,'http://500px.com/photo/3492847'),(29,82,165,136,'tiles/image1/4d81fd65dbee817ae7282db8d80a1e6b.jpg',80,176,144,'http://500px.com/photo/3488130'),(30,110,122,124,'tiles/image1/90c3040cc3bba353c8abbd6fd3c073fc.jpg',112,112,112,'http://500px.com/photo/3470460'),(31,179,196,209,'tiles/image1/28ea27fa6cc3b98f2024560783fc30bf.jpg',176,208,208,'http://500px.com/photo/1138690'),(32,31,31,31,'tiles/image1/c22ddbc476abb8ef11f546931896c9f9.jpg',16,16,16,'http://500px.com/photo/3453711'),(33,138,108,95,'tiles/image1/af80c0d9a26a1c283d3169c1f9a782d1.jpg',144,112,80,'http://500px.com/photo/3416600'),(34,191,177,179,'tiles/image1/23c34013047e7183bfa19a2e2c75b0dc.jpg',176,176,176,'http://500px.com/photo/260154'),(35,137,131,127,'tiles/image1/745e396b879a00fbee6252e78d68174b.jpg',144,144,112,'http://500px.com/photo/1579216'),(36,77,77,77,'tiles/image1/5cc6f20b6dfcf8831bf01cd2397ae9a6.jpg',80,80,80,'http://500px.com/photo/3456246'),(37,110,140,166,'tiles/image1/82f8da197c55601654f5e96c1a34a2bd.jpg',112,144,176,'http://500px.com/photo/3461437'),(38,65,65,65,'tiles/image1/17b730b21cc46badc5274565e8e1985b.jpg',80,80,80,'http://500px.com/photo/3453256'),(39,188,177,176,'tiles/image1/43ba7d4269a91ceca699695ff89cff1c.jpg',176,176,176,'http://500px.com/photo/474838'),(40,59,59,59,'tiles/image1/49c3f2c2fc5496043a91c067e341983a.jpg',48,48,48,'http://500px.com/photo/3329821'),(41,102,102,102,'tiles/image1/a103076a829f217a7954d78d130555a9.jpg',112,112,112,'http://500px.com/photo/3421908'),(42,132,132,132,'tiles/image1/dff41997ed63cdb013b47fe0d004b179.jpg',144,144,144,'http://500px.com/photo/3394337'),(43,71,66,61,'tiles/image1/8300dae33127a74d2702640d1dbcf446.jpg',80,80,48,'http://500px.com/photo/1538884'),(44,206,206,206,'tiles/image1/f3db212b6c342f0b8b00ddf0b5f8ebc6.jpg',208,208,208,'http://500px.com/photo/3386131'),(45,152,140,80,'tiles/image1/be2435cd4fa568021c001ae231f3b4e1.jpg',144,144,80,'http://500px.com/photo/3383915'),(46,2,2,2,'tiles/image1/5123fff8e85b233634e825e88489c223.jpg',16,16,16,'http://500px.com/photo/3383504'),(47,182,119,71,'tiles/image1/392623fb6ceb710ff09fefbef5589195.jpg',176,112,80,'http://500px.com/photo/3275944'),(48,27,13,7,'tiles/image1/2965be1b8307221cd4d1bdbeebdc6b5f.jpg',16,16,16,'http://500px.com/photo/3366604'),(49,81,75,75,'tiles/image1/971f996b9c1ca31dd50e482fc81fc86f.jpg',80,80,80,'http://500px.com/photo/3364902'),(50,102,102,121,'tiles/image1/da9dfd7f35e98a0873130586e53e922c.jpg',112,112,112,'http://500px.com/photo/3363569'),(51,101,122,145,'tiles/image1/5cda0544b6c278ef3f910d8b2b2ab902_1.jpg',112,112,144,'http://500px.com/photo/3350014'),(52,78,78,78,'tiles/image1/aa70f79ac27b0c491add8b810fc49875.jpg',80,80,80,'http://500px.com/photo/3335333'),(53,55,55,55,'tiles/image1/6df16b5e87d477e2e53fc2145f1e7b90_1.jpg',48,48,48,'http://500px.com/photo/3315949'),(54,81,91,64,'tiles/image1/a5441eece8568211a46fcc676c355934.jpg',80,80,80,'http://500px.com/photo/3317153'),(55,52,76,106,'tiles/image1/dc101b5c5d6cef049ef4b2a4b03ae4c2.jpg',48,80,112,'http://500px.com/photo/3319182'),(56,117,91,74,'tiles/image1/ff64daf4f4e4929fcee3848404770ac0.jpg',112,80,80,'http://500px.com/photo/3315514'),(57,123,132,145,'tiles/image1/8fe7ee05c307f16a9653a40d8a52db59.jpg',112,144,144,'http://500px.com/photo/3263818'),(58,87,116,134,'tiles/image1/4c3bdffe30859fd7fe720ab9d828d016.jpg',80,112,144,'http://500px.com/photo/3264122'),(59,82,80,63,'tiles/image1/fab51218c90b031c334d1880ded2dc8b.jpg',80,80,48,'http://500px.com/photo/3257247'),(60,111,112,116,'tiles/image1/afed86bc5531b7f476f276d964ecf5b0.jpg',112,112,112,'http://500px.com/photo/3222866'),(61,211,216,221,'tiles/image1/db453ad8f40fcebcd1a9b0916c3d642e.jpg',208,208,208,'http://500px.com/photo/3247839'),(62,82,80,63,'tiles/image1/6d89ba29b64d795c4795f7b48a6e5708.jpg',80,80,48,'http://500px.com/photo/3248527'),(63,188,189,183,'tiles/image1/4d3100f91c0fa6412ea5517f25feaa3d.jpg',176,176,176,'http://500px.com/photo/3251340'),(64,44,67,33,'tiles/image1/620d6cb02cb9f1a4e23e4df5f1c86b3f.jpg',48,80,48,'http://500px.com/photo/3253082'),(65,64,64,64,'tiles/image1/f19432e37a521ff4d910af765625fb85.jpg',80,80,80,'http://500px.com/photo/3247492'),(66,45,41,44,'tiles/image1/d5afc5cc6fd4fe041779718e069c4865.jpg',48,48,48,'http://500px.com/photo/3176476'),(67,180,165,152,'tiles/image1/c224eea809c63e833cf56ea584f543c5.jpg',176,176,144,'http://500px.com/photo/3131878'),(68,186,186,186,'tiles/image1/af813ee5a6479372db6e06e4ae1021b1.jpg',176,176,176,'http://500px.com/photo/3205241'),(69,127,115,137,'tiles/image1/1c5be055c033ea6a10217b25dc95abbb.jpg',112,112,144,'http://500px.com/photo/3161940'),(70,113,111,113,'tiles/image1/daa7e5d99f4e701fa9e1764dbfa7bef8.jpg',112,112,112,'http://500px.com/photo/3202660'),(71,162,105,8,'tiles/image1/cbc4f494db261934bfb5fbab5af79133.jpg',176,112,16,'http://500px.com/photo/3228909'),(72,148,177,212,'tiles/image1/bdf06422fc9f082034c28c7441ddd34c.jpg',144,176,208,'http://500px.com/photo/3227757'),(73,104,95,104,'tiles/image1/c4e82fae876a003b55491a56c19cb255.jpg',112,80,112,'http://500px.com/photo/1414079'),(74,100,91,82,'tiles/image1/017acadcf940432d6d7256ab8fded618.jpg',112,80,80,'http://500px.com/photo/3188903'),(75,90,89,92,'tiles/image1/69930573581e78e55246c6d5ff5b272c.jpg',80,80,80,'http://500px.com/photo/3162387'),(76,120,125,135,'tiles/image1/5434ba85089fdcaa238ae1359473b61d.jpg',112,112,144,'http://500px.com/photo/3147127'),(77,118,107,85,'tiles/image1/4dd79f74dbd4c3d2d013cfbed9d24557.jpg',112,112,80,'http://500px.com/photo/2905335'),(78,128,130,104,'tiles/image1/e37dd23c94f31235dabed14a9c1845b1.jpg',144,144,112,'http://500px.com/photo/3145496'),(79,174,174,174,'tiles/image1/3f2d22ca3f8a5926d1f20ce2d4a6d882.jpg',176,176,176,'http://500px.com/photo/3135618'),(80,33,33,33,'tiles/image1/cdb2fb9734129d1a11d11673b913d091.jpg',48,48,48,'http://500px.com/photo/3134749'),(81,32,32,32,'tiles/image1/d864db0435077bc0ace92b92d9fb393e.jpg',48,48,48,'http://500px.com/photo/870942'),(82,126,126,126,'tiles/image1/d5a94fd11f9a0fec5337e848052a8b85.jpg',112,112,112,'http://500px.com/photo/3113517'),(83,85,72,72,'tiles/image1/691926a7111c3c146b667d248a18f433.jpg',80,80,80,'http://500px.com/photo/3119001'),(84,81,114,151,'tiles/image1/97cde316994355bdde01147029f9c06a.jpg',80,112,144,'http://500px.com/photo/1918269'),(85,25,25,27,'tiles/image1/f5cad141082bd9f93f4005068081d811.jpg',16,16,16,'http://500px.com/photo/3086016'),(86,95,95,95,'tiles/image1/6863fb9f2a33d4621df710cfe176346c.jpg',80,80,80,'http://500px.com/photo/3081141'),(87,183,104,120,'tiles/image1/97000ca8c7868d845382ce5623a3d338.jpg',176,112,112,'http://500px.com/photo/1987547'),(88,103,103,103,'tiles/image1/38044823a841683502c02df274a599f0.jpg',112,112,112,'http://500px.com/photo/3098111'),(89,201,202,207,'tiles/image1/bcce861aa344d170f99c7f253bc96242.jpg',208,208,208,'http://500px.com/photo/3079822'),(90,20,20,20,'tiles/image1/e4198583fc9ba850c51a0abd18011c3a.jpg',16,16,16,'http://500px.com/photo/3048307'),(91,39,85,142,'tiles/image1/11e96a062c35acf87785ea65faf9bc56.jpg',48,80,144,'http://500px.com/photo/3005153'),(92,159,148,140,'tiles/image1/23e941ffa857d71278538e6bc8b7ec38.jpg',144,144,144,'http://500px.com/photo/2902451'),(93,48,42,36,'tiles/image1/0bd7516f454d38693c6b188914b5392d.jpg',48,48,48,'http://500px.com/photo/2491478'),(94,102,87,41,'tiles/image1/46a9cfb709c3f884b60e4601c384d0c8.jpg',112,80,48,'http://500px.com/photo/3065642'),(95,12,82,45,'tiles/image1/70bf708d9ec9619600fc1ab647e918df.jpg',16,80,48,'http://500px.com/photo/3072654'),(96,101,101,101,'tiles/image1/8b82a0168ea59a49cb109c5d06f1faeb.jpg',112,112,112,'http://500px.com/photo/1896726'),(97,111,108,102,'tiles/image1/91c3982944721faf83b698f722ba85f6.jpg',112,112,112,'http://500px.com/photo/3076792'),(98,16,21,32,'tiles/image1/82776d10e2b6bb4d1a6798507401a159.jpg',16,16,48,'http://500px.com/photo/1184998'),(99,173,120,85,'tiles/image1/7361e83f0ff2a3842c3541e9affe2511.jpg',176,112,80,'http://500px.com/photo/3045427'),(100,97,89,81,'tiles/image1/b895d2f2c351b8eb50cd5d46c3800783.jpg',112,80,80,'http://500px.com/photo/3024352'),(101,199,202,207,'tiles/image1/0501448ba9aba7284bb8672b5679e64b.jpg',208,208,208,'http://500px.com/photo/3024709'),(102,59,74,83,'tiles/image1/9b3f731a25954377037e42efdff125dc.jpg',48,80,80,'http://500px.com/photo/3009205'),(103,92,92,92,'tiles/image1/6f2d9304f96ddb6ffa141c9e0c353d07.jpg',80,80,80,'http://500px.com/photo/3020434'),(104,77,95,107,'tiles/image1/01647683256ccd7e75fa281ec9d8e177.jpg',80,80,112,'http://500px.com/photo/3009853'),(105,117,110,37,'tiles/image1/f9932525d16c9de1567d9841fc8b1e7c.jpg',112,112,48,'http://500px.com/photo/3000362'),(106,202,228,189,'tiles/image1/8fb088f70a4d807a0d9438d2f0cfc315.jpg',208,240,176,'http://500px.com/photo/3000820'),(107,173,122,39,'tiles/image1/faf69a3398c939ff3147dc46aa0b7fbc.jpg',176,112,48,'http://500px.com/photo/2996411'),(108,61,54,42,'tiles/image1/70df48f46e3b6738b9265a91ac70a7e8.jpg',48,48,48,'http://500px.com/photo/2996938'),(109,25,31,24,'tiles/image1/374363239051a0487e7bb9254c678c47.jpg',16,16,16,'http://500px.com/photo/2968970'),(110,104,122,144,'tiles/image1/20706e075d16c151c87b01fee83939fb.jpg',112,112,144,'http://500px.com/photo/2929683'),(111,39,41,39,'tiles/image1/08160a0ff5daea16f60f6ed148d18cc7.jpg',48,48,48,'http://500px.com/photo/2979926'),(112,84,112,116,'tiles/image1/bfe3da75879665bad8a2555b4a25380c.jpg',80,112,112,'http://500px.com/photo/2981146'),(113,41,43,37,'tiles/image1/46988979ac0249fc14fcee37009efbf6.jpg',48,48,48,'http://500px.com/photo/2967652'),(114,19,31,45,'tiles/image1/01e0b03b8bd8c05430089e9014680e6c.jpg',16,16,48,'http://500px.com/photo/2969471'),(115,140,127,116,'tiles/image1/2c4adf02c397989ef20306db59c54346.jpg',144,112,112,'http://500px.com/photo/780977'),(116,53,70,87,'tiles/image1/9af7901f2e8ac52177333541199ea5c6.jpg',48,80,80,'http://500px.com/photo/2927896'),(117,94,75,57,'tiles/image1/c3d0bdbd41ff7be78432ef577ed9d972.jpg',80,80,48,'http://500px.com/photo/2868852'),(118,37,37,37,'tiles/image1/d8761e55a22e5fdb5c09dbfc32531d4e.jpg',48,48,48,'http://500px.com/photo/2908616'),(119,215,214,210,'tiles/image1/4c2ec649c49d5c68c292f6ebe5e1f669.jpg',208,208,208,'http://500px.com/photo/2915090'),(120,58,46,41,'tiles/image1/11594e6db6936154b6567df57b5b95b8.jpg',48,48,48,'http://500px.com/photo/2441178'),(121,113,108,102,'tiles/image1/f11f397ec64853138e8280d4949ae752.jpg',112,112,112,'http://500px.com/photo/451022'),(122,151,94,39,'tiles/image1/fe8000cd70ae9a19f05204f7bd375ceb.jpg',144,80,48,'http://500px.com/photo/2886838'),(123,134,132,131,'tiles/image1/d622132be94ebe4cff4fbdebb2a2c055.jpg',144,144,144,'http://500px.com/photo/2260236'),(124,43,43,43,'tiles/image1/e46d52e75a72d3d94c436c1efb07e475.jpg',48,48,48,'http://500px.com/photo/717206'),(125,187,173,150,'tiles/image1/8093c4c45c74dd3f23305780c856e6c0.jpg',176,176,144,'http://500px.com/photo/660910'),(126,120,113,102,'tiles/image1/c925cb5f5c3cc9dc1935a7798e38c445.jpg',112,112,112,'http://500px.com/photo/2836740'),(127,164,164,164,'tiles/image1/cb861c7c7517ccfca25f3e3654f5694b.jpg',176,176,176,'http://500px.com/photo/2872458'),(128,194,120,82,'tiles/image1/417ad78cb896c3c389eecd1de68a0ac8.jpg',208,112,80,'http://500px.com/photo/2804618'),(129,100,106,109,'tiles/image1/8588226c631805f77c7ea346df9cae69.jpg',112,112,112,'http://500px.com/photo/2226801'),(130,32,32,32,'tiles/image1/219aaa88639bba2f157c8408ad301054.jpg',48,48,48,'http://500px.com/photo/2817748'),(131,119,120,115,'tiles/image1/98917e319fd729bf84f5e435827f0b36.jpg',112,112,112,'http://500px.com/photo/2814038'),(132,145,120,88,'tiles/image1/cb1474d03a71e0eeb3d6bae83dafb492.jpg',144,112,80,'http://500px.com/photo/2809998'),(133,100,144,167,'tiles/image1/e80035e3b88a027bdfac986082c27242.jpg',112,144,176,'http://500px.com/photo/2795698'),(134,192,192,192,'tiles/image1/49d89ca187f2a95e6134b47bea040159.jpg',208,208,208,'http://500px.com/photo/2810278'),(135,240,240,240,'tiles/image1/669d612ba213ae194fb8e42935707d24.jpg',240,240,240,'http://500px.com/photo/2777060'),(136,103,70,51,'tiles/image1/5c0e580d16161eb7f27187b35d88bdbd.jpg',112,80,48,'http://500px.com/photo/796782'),(137,150,134,118,'tiles/image1/d951939505dbe9639e0a5885fab61732.jpg',144,144,112,'http://500px.com/photo/2764842'),(138,197,204,213,'tiles/image1/26f85947791af5406495d4ced59ce67b.jpg',208,208,208,'http://500px.com/photo/2766440'),(139,145,136,127,'tiles/image1/c16d29be3b206d0696f942b8bb3e44eb.jpg',144,144,112,'http://500px.com/photo/2755144'),(140,45,41,38,'tiles/image1/f0a9d2ccdd36d8fc15f17458e5384103.jpg',48,48,48,'http://500px.com/photo/2713714'),(141,128,140,136,'tiles/image1/4a9eef1aa093983c2b6973ad2be838c8.jpg',144,144,144,'http://500px.com/photo/2714506'),(142,35,35,35,'tiles/image1/ec5d7ef59404ea157d7e9417190640dd.jpg',48,48,48,'http://500px.com/photo/2742474'),(143,121,119,118,'tiles/image1/8fb6cacd4a47e0deb86892eb38393373.jpg',112,112,112,'http://500px.com/photo/2743446'),(144,107,111,73,'tiles/image1/17be2585823605ab80281cf8bc8b9ee4.jpg',112,112,80,'http://500px.com/photo/2722886'),(145,196,200,202,'tiles/image1/c91b6e4026ae5af3651537d36a108ce9.jpg',208,208,208,'http://500px.com/photo/2724154'),(146,76,83,84,'tiles/image1/d00bdee57f0f07858c6891cc0aba7ea0.jpg',80,80,80,'http://500px.com/photo/2724770'),(147,36,36,36,'tiles/image1/661285eacfecf6168a448fdcbc99d1e1.jpg',48,48,48,'http://500px.com/photo/2742478'),(148,63,53,36,'tiles/image1/a277024fe05c954a50f1a5c4c3bf3e88.jpg',48,48,48,'http://500px.com/photo/2745336'),(149,59,47,41,'tiles/image1/2f5745911746fb9929f95a159f107fb2.jpg',48,48,48,'http://500px.com/photo/2697594'),(150,107,107,110,'tiles/image1/c6fcc613334ac7057e8016f002b93681.jpg',112,112,112,'http://500px.com/photo/2684666'),(151,99,48,11,'tiles/image1/b215711255ae58e86f3aad845e80f553.jpg',112,48,16,'http://500px.com/photo/2649364'),(152,155,98,87,'tiles/image1/1d95c89ee25b209ab3208a765ff1f964.jpg',144,112,80,'http://500px.com/photo/2645632'),(153,119,119,119,'tiles/image1/40373ff383dea5c2deb5fc6dd0808a56.jpg',112,112,112,'http://500px.com/photo/2682544'),(154,149,130,109,'tiles/image1/332e97aacb0f0397592d8d6fbaa704c7.jpg',144,144,112,'http://500px.com/photo/2650240'),(155,150,150,151,'tiles/image1/17887d75d332becdd6e79257385be0c2.jpg',144,144,144,'http://500px.com/photo/2674240'),(156,107,105,101,'tiles/image1/993ff17069961d19967aef76d1826ae6.jpg',112,112,112,'http://500px.com/photo/2665082'),(157,56,61,61,'tiles/image1/d4b326c50b317799c11452a994364c51.jpg',48,48,48,'http://500px.com/photo/2662894'),(158,82,63,77,'tiles/image1/42ce08742ed5b502fbaf649992df8f00.jpg',80,48,80,'http://500px.com/photo/2655950'),(159,189,168,130,'tiles/image1/7c5555ca76c22f2ae547580e3ca39e64.jpg',176,176,144,'http://500px.com/photo/2630170'),(160,176,169,152,'tiles/image1/2a3279ecc5b019654ad03cc2b477790b.jpg',176,176,144,'http://500px.com/photo/2645904'),(161,93,118,96,'tiles/image1/6bcad2b623da8b6d7e91f0da8a29374a.jpg',80,112,112,'http://500px.com/photo/2029587'),(162,134,134,134,'tiles/image1/56a8c7da87a564a22720eb7284b21926.jpg',144,144,144,'http://500px.com/photo/2607760'),(163,62,71,61,'tiles/image1/cf720985cac1c67f2dc2e7983b38843f.jpg',48,80,48,'http://500px.com/photo/2612944'),(164,170,170,170,'tiles/image1/c06c4018e3af498fd989c8614e65c909.jpg',176,176,176,'http://500px.com/photo/2560524'),(165,224,224,224,'tiles/image1/d4c5bd62723148bcbb46842b40fde65f.jpg',240,240,240,'http://500px.com/photo/2485554'),(166,204,165,120,'tiles/image1/78b6d847926bc35f178eeaca0f0fa8fb.jpg',208,176,112,'http://500px.com/photo/2558330'),(167,177,179,154,'tiles/image1/ea029164af5900061d0b17d579a57928.jpg',176,176,144,'http://500px.com/photo/2431568'),(168,106,92,87,'tiles/image1/35f130e09f044c520ad486e4b854ead7.jpg',112,80,80,'http://500px.com/photo/2448478'),(169,93,93,94,'tiles/image1/ed99b3559033460b579def7ad7df3b62.jpg',80,80,80,'http://500px.com/photo/2544612'),(170,101,101,101,'tiles/image1/ad6447f5667b60d66b2a8ef2d029709b.jpg',112,112,112,'http://500px.com/photo/2453564'),(171,78,69,65,'tiles/image1/e6d967596f0adac4ea2b5379f618a39e.jpg',80,80,80,'http://500px.com/photo/2455252'),(172,81,84,113,'tiles/image1/1c9d2c5ec58131f4dc74ab16fd31d511.jpg',80,80,112,'http://500px.com/photo/2446468'),(173,119,133,147,'tiles/image1/fab948e32da1145cfc6a7461ceb58f4a.jpg',112,144,144,'http://500px.com/photo/2401032'),(174,91,91,91,'tiles/image1/8bac5336f3c18ace6d19db1579d1eb84.jpg',80,80,80,'http://500px.com/photo/2336311'),(175,45,45,47,'tiles/image1/1dd0f58fd0b98ac984ad2984795b60b0.jpg',48,48,48,'http://500px.com/photo/2334729'),(176,108,88,87,'tiles/image1/140b72aa39f0f3790229255e4582548b.jpg',112,80,80,'http://500px.com/photo/2337853'),(177,87,101,114,'tiles/image1/aec7d7c9e0b78407cbefcafb9f96fc40.jpg',80,112,112,'http://500px.com/photo/875827'),(178,78,101,93,'tiles/image1/2da5b2e0ae8a98cb5101da76211cc84b.jpg',80,112,80,'http://500px.com/photo/2330953'),(179,105,105,105,'tiles/image1/261299eb1959f982adea16802d819e12.jpg',112,112,112,'http://500px.com/photo/3730772'),(180,121,137,108,'tiles/image1/6b0589dc405a6b0c53ce313516672cff.jpg',112,144,112,'http://500px.com/photo/3730771'),(181,79,79,79,'tiles/image1/d370373a241f15b38a468650d543095e.jpg',80,80,80,'http://500px.com/photo/3730770'),(182,100,115,93,'tiles/image1/6c2766d044dca7a9526359636ea9e0ef.jpg',112,112,80,'http://500px.com/photo/3730769'),(183,66,59,51,'tiles/image1/b618449b611875ff9d1df80f94b4b3f8.jpg',80,48,48,'http://500px.com/photo/3730767'),(184,103,109,109,'tiles/image1/a90118c93a3ba4dace8412562c619875.jpg',112,112,112,'http://500px.com/photo/3730766'),(185,101,126,148,'tiles/image1/d598b68d2fda6a571694b84273bbcdc1.jpg',112,112,144,'http://500px.com/photo/3730765'),(186,103,104,108,'tiles/image1/7894fc0546fea76375efcfc1698d84fd.jpg',112,112,112,'http://500px.com/photo/3730764'),(187,115,121,113,'tiles/image1/96fca5728d4651a7563810425aca1429.jpg',112,112,112,'http://500px.com/photo/3730763'),(188,119,119,119,'tiles/image1/c3b3668e31e0cea86ed4db58c542e33f.jpg',112,112,112,'http://500px.com/photo/3730762'),(189,192,174,154,'tiles/image1/abfde53c824dc3adaf42581cb432e7da.jpg',208,176,144,'http://500px.com/photo/3730761'),(190,175,159,132,'tiles/image1/2b66c6dc3b95089b85d10cea5057e1e5.jpg',176,144,144,'http://500px.com/photo/3730760'),(191,126,101,69,'tiles/image1/c7620b6bb2dd798a3b7e77fbbeb96c2e.jpg',112,112,80,'http://500px.com/photo/3730759'),(192,158,142,131,'tiles/image1/c3b700ebca38f09e0ef56ca1ad45e305.jpg',144,144,144,'http://500px.com/photo/3730758'),(193,153,153,153,'tiles/image1/668711ec3267133c6b63517b7ff96a83.jpg',144,144,144,'http://500px.com/photo/3730757'),(194,149,130,86,'tiles/image1/2f2900d54024aa5b9f105f188cef89b1.jpg',144,144,80,'http://500px.com/photo/3730755'),(195,134,134,134,'tiles/image1/50f260adce15005808b0fff7fbca04de.jpg',144,144,144,'http://500px.com/photo/3730754'),(196,94,92,89,'tiles/image1/227da6aba0ed21e6d2fde5a98c58c6da.jpg',80,80,80,'http://500px.com/photo/3730753'),(197,131,99,72,'tiles/image1/c21aa015fa259cafa125a8088b17fdb6.jpg',144,112,80,'http://500px.com/photo/3730752'),(198,116,74,45,'tiles/image1/32f07a79487028a190b3f1c6007ea50f.jpg',112,80,48,'http://500px.com/photo/3730751'),(199,40,39,38,'tiles/image1/f4a01b90ecc40ab4361ce64937ec64c6.jpg',48,48,48,'http://500px.com/photo/3730750'),(200,83,80,75,'tiles/image1/1257b0b475c72f5ddd17f4628adcf7c0.jpg',80,80,80,'http://500px.com/photo/3730748'),(201,163,163,163,'tiles/image1/b61a5bb8cedfba09a5b66bca965ce872.jpg',176,176,176,'http://500px.com/photo/3730747'),(202,126,119,110,'tiles/image1/7aa250a531e7f8f484a32cb674ec22a0.jpg',112,112,112,'http://500px.com/photo/3730746'),(203,165,143,97,'tiles/image1/8dbf9c4bb401e2ff930293d54cde5fc4.jpg',176,144,112,'http://500px.com/photo/3730745'),(204,204,204,204,'tiles/image1/cd8671201c90efb9e4ad958bb44ec212.jpg',208,208,208,'http://500px.com/photo/3730744'),(205,188,173,159,'tiles/image1/d8cd0673138361ca8392e84d191252ad.jpg',176,176,144,'http://500px.com/photo/3730743'),(206,152,152,152,'tiles/image1/6923de8c891f978ff48e1c92737a8a8d.jpg',144,144,144,'http://500px.com/photo/3730742'),(207,104,111,82,'tiles/image1/684d95b09e93bd0673ded7ab55d46f85.jpg',112,112,80,'http://500px.com/photo/3730741'),(208,61,61,61,'tiles/image1/2e3a53e377eb816bf6fa843dd7e41e2b.jpg',48,48,48,'http://500px.com/photo/3730740'),(209,88,90,91,'tiles/image1/51ef2904b73b26b365d04990bacaac61.jpg',80,80,80,'http://500px.com/photo/3730739'),(210,142,142,142,'tiles/image1/c6fe84361c298f398c766b056d90ed52.jpg',144,144,144,'http://500px.com/photo/3730738'),(211,135,47,45,'tiles/image1/0036c5b9c7ccd6d98e25731d5fd89872.jpg',144,48,48,'http://500px.com/photo/3730737'),(212,103,103,103,'tiles/image1/f27075182ebf0381d3b2611e98f9e2f1.jpg',112,112,112,'http://500px.com/photo/3730736'),(213,144,120,112,'tiles/image1/8ba787487a1581e4e5628cb9631537a8.jpg',144,112,112,'http://500px.com/photo/3730735'),(214,117,117,117,'tiles/image1/3208876f57fa250cab65eb8b548fe348.jpg',112,112,112,'http://500px.com/photo/3730734'),(215,114,48,29,'tiles/image1/ff0ffa320276ccbb0bd4cba55b5540f8.jpg',112,48,16,'http://500px.com/photo/3730731'),(216,151,135,112,'tiles/image1/b308cb944f2fb97f4fd12912dd5ffa14.jpg',144,144,112,'http://500px.com/photo/3730729'),(217,128,140,107,'tiles/image1/2337a1dc6b0a7edc4af17f4034ff527d.jpg',144,144,112,'http://500px.com/photo/3730728'),(218,175,149,122,'tiles/image1/fd32f162e1c2811bced70380e1e3ebc9.jpg',176,144,112,'http://500px.com/photo/3730726'),(219,70,56,37,'tiles/image1/4c671c6a33a547f33de00faae4f065a1.jpg',80,48,48,'http://500px.com/photo/3730725'),(220,142,127,117,'tiles/image1/502a172a6163f85575a35276f12b4aca.jpg',144,112,112,'http://500px.com/photo/3730723'),(221,158,161,170,'tiles/image1/225e574c22d3173f77c2a150f3db7cc7.jpg',144,176,176,'http://500px.com/photo/3730722'),(222,146,145,89,'tiles/image1/729e2d1147daccba33ad81a12a0ff77f.jpg',144,144,80,'http://500px.com/photo/3730721'),(223,102,44,24,'tiles/image1/c55f1ff62db410a31ccf888acb78112b.jpg',112,48,16,'http://500px.com/photo/3730720'),(224,135,151,172,'tiles/image1/59179df35f9b5cc373ed235e2facb7bf.jpg',144,144,176,'http://500px.com/photo/3730718'),(225,127,119,107,'tiles/image1/37f10ae849da8f2545405ba7b9bf192d.jpg',112,112,112,'http://500px.com/photo/3730717'),(226,122,124,116,'tiles/image1/4ccfe8a483396782a1b13e8afa543283.jpg',112,112,112,'http://500px.com/photo/3730716'),(227,26,11,48,'tiles/image1/888b699cf7df1c5d568123ae645a9e56.jpg',16,16,48,'http://500px.com/photo/3730715'),(228,85,69,69,'tiles/image1/8ae6de211d3566dd556fd60002c915c8.jpg',80,80,80,'http://500px.com/photo/3730714'),(229,87,84,90,'tiles/image1/0a56ed532596a7198ff049aeca080b26.jpg',80,80,80,'http://500px.com/photo/3730712'),(230,113,113,113,'tiles/image1/49409c4ecb454769c6c93163a337901a.jpg',112,112,112,'http://500px.com/photo/3730711'),(231,52,32,22,'tiles/image1/d98aa23078114d0219879104c7e7b3a0.jpg',48,48,16,'http://500px.com/photo/3730710'),(232,138,138,138,'tiles/image1/70f53ef626cfefa53f536fd1d6e17e74.jpg',144,144,144,'http://500px.com/photo/3730709'),(233,35,38,44,'tiles/image1/3a0ac1faeb73a6f8585a33c581b4400c.jpg',48,48,48,'http://500px.com/photo/3730708'),(234,124,99,97,'tiles/image1/63c1f8369a4a0737b4f67802f5f5881e.jpg',112,112,112,'http://500px.com/photo/3730707'),(235,142,123,92,'tiles/image1/8ed9c156500f51d9ea48d143db6e62f6.jpg',144,112,80,'http://500px.com/photo/3730706'),(236,104,104,104,'tiles/image1/c47de35c69e04f7e661aafa30d1b31e9.jpg',112,112,112,'http://500px.com/photo/3730705'),(237,116,91,90,'tiles/image1/ddc9acc3250bd1ed34e8fdd0f92202f2.jpg',112,80,80,'http://500px.com/photo/3730704'),(238,104,77,49,'tiles/image1/9c0ca41687c0d18776d46edb140684e1.jpg',112,80,48,'http://500px.com/photo/3730703'),(239,77,55,65,'tiles/image1/0f97164bf42e4b0c97d614909103aa48.jpg',80,48,80,'http://500px.com/photo/3730702'),(240,106,146,196,'tiles/image1/0b18935d2bb9189080e1a458347fd6e0.jpg',112,144,208,'http://500px.com/photo/3730701'),(241,182,165,143,'tiles/image1/69e635fbb4930ebf3abcdac2b0913745.jpg',176,176,144,'http://500px.com/photo/3730700'),(242,206,150,125,'tiles/image1/25afddea9a2b6433d9b6221ad7c7c83a.jpg',208,144,112,'http://500px.com/photo/3730698'),(243,60,27,75,'tiles/image1/6daec9d12ed1c6421c8175b1ef99aeff.jpg',48,16,80,'http://500px.com/photo/3730697'),(244,133,54,64,'tiles/image1/8f772ad89c1360a1680638082c049c6a.jpg',144,48,80,'http://500px.com/photo/3730696'),(245,132,114,108,'tiles/image1/f15e4711cf2f588c0832e778855b8c84.jpg',144,112,112,'http://500px.com/photo/3730695'),(246,108,107,102,'tiles/image1/f8475163cf1bc479c945ed471cdaf7a6.jpg',112,112,112,'http://500px.com/photo/3730693'),(247,210,135,177,'tiles/image1/18cfcf87ea92b6bc8a904b7a0bd34149.jpg',208,144,176,'http://500px.com/photo/3730692'),(248,124,130,133,'tiles/image1/65cebce1f8443d9ccf990c414505c8cc.jpg',112,144,144,'http://500px.com/photo/3730691'),(249,139,124,120,'tiles/image1/f9e56e261579914b566208728616144e.jpg',144,112,112,'http://500px.com/photo/3730690'),(250,137,111,79,'tiles/image1/d50b6ec37dd653c25f793264d6642984.jpg',144,112,80,'http://500px.com/photo/3730689'),(251,132,103,80,'tiles/image1/5216a999850cd35c1690bf13a285c734.jpg',144,112,80,'http://500px.com/photo/3730688'),(252,107,98,93,'tiles/image1/1188134f8881cb4644844d48e7c353ef.jpg',112,112,80,'http://500px.com/photo/3730687'),(253,186,161,140,'tiles/image1/292f06b1664da77ce65244638b875a59.jpg',176,176,144,'http://500px.com/photo/3730686'),(254,192,173,149,'tiles/image1/4f79a753fc8269bf7e9416e6174e835c.jpg',208,176,144,'http://500px.com/photo/3730681'),(255,91,91,91,'tiles/image1/5be476bbbfd56b74423be3b9b15fc3b6.jpg',80,80,80,'http://500px.com/photo/3730680'),(256,140,115,110,'tiles/image1/816e8798694624be605c8db62b8de58a.jpg',144,112,112,'http://500px.com/photo/3730678'),(257,58,45,33,'tiles/image1/fef057756cbf74a3a5172cfc11c79b06.jpg',48,48,48,'http://500px.com/photo/3730677'),(258,89,83,67,'tiles/image1/f6f64818c8f173416bea83f8a89c24df.jpg',80,80,80,'http://500px.com/photo/3730676'),(259,92,83,78,'tiles/image1/17d8d5e5a0f22e02cef7b22b94c91bc4.jpg',80,80,80,'http://500px.com/photo/3730675'),(260,11,11,11,'tiles/image1/489ea6fda7f85ba52571cd1267e69b1d.jpg',16,16,16,'http://500px.com/photo/3730674'),(261,129,129,129,'tiles/image1/d703f6f1e1ca72e2cb90836ca878fa2c.jpg',144,144,144,'http://500px.com/photo/3730673'),(262,124,115,32,'tiles/image1/3d60f271129fd10c9fe34f1f0c8cff3b.jpg',112,112,48,'http://500px.com/photo/3730672'),(263,78,51,36,'tiles/image1/abae980e653831a4734d28f260c3625e.jpg',80,48,48,'http://500px.com/photo/3730671'),(264,117,50,40,'tiles/image1/1d47a74d3e02d69c7ed153dcf1ab7135.jpg',112,48,48,'http://500px.com/photo/3730670'),(265,100,100,100,'tiles/image1/8a26200fc51c069389a6dc6f94a594f9.jpg',112,112,112,'http://500px.com/photo/3730669'),(266,171,163,144,'tiles/image1/219936b5426f7e57885947dd04d22b90.jpg',176,176,144,'http://500px.com/photo/3730668'),(267,88,101,105,'tiles/image1/bc4cf1cb1355eded634542e8f6ac984d.jpg',80,112,112,'http://500px.com/photo/3730666'),(268,119,108,102,'tiles/image1/5c04d159d93412a68c326786c18a437b.jpg',112,112,112,'http://500px.com/photo/3730665'),(269,131,122,104,'tiles/image1/65906488a160318444f63e059bddb945.jpg',144,112,112,'http://500px.com/photo/3730664'),(270,105,106,104,'tiles/image1/66a62ea48f633617667457a5d500cfff.jpg',112,112,112,'http://500px.com/photo/3730663'),(271,106,92,73,'tiles/image1/9ce21571e9c7643d72e4064910315255.jpg',112,80,80,'http://500px.com/photo/3730662'),(272,125,124,62,'tiles/image1/aa90e31a6ef04e3fb7338cd4ea9173a1.jpg',112,112,48,'http://500px.com/photo/3730661'),(273,53,52,48,'tiles/image1/0166d48fd939080756f4c9c21e87d14c.jpg',48,48,48,'http://500px.com/photo/3730660'),(274,50,35,16,'tiles/image1/089ccef7b3a279c975986a8f9b751793.jpg',48,48,16,'http://500px.com/photo/3730659'),(275,145,145,145,'tiles/image1/80004189fbc20991989ecd30c9d2fde3.jpg',144,144,144,'http://500px.com/photo/3730658'),(276,75,71,86,'tiles/image1/05c3097b1deb856c756ec326141c194d.jpg',80,80,80,'http://500px.com/photo/3730657'),(277,83,70,77,'tiles/image1/870f5abd2d65689fd9c2b4021c99688d.jpg',80,80,80,'http://500px.com/photo/3730656'),(278,154,147,148,'tiles/image1/36dc0c644911a4760b54ed072fd63e82.jpg',144,144,144,'http://500px.com/photo/3730655'),(279,56,56,55,'tiles/image1/3296f8c4757326ff94c0dfdfdca002ca.jpg',48,48,48,'http://500px.com/photo/3730654'),(280,39,44,32,'tiles/image1/d98582915c817b3a02df6a89bd3a568c.jpg',48,48,48,'http://500px.com/photo/3730652'),(281,64,55,37,'tiles/image1/932e0be248cefe7a9e266a2f00b98c48.jpg',80,48,48,'http://500px.com/photo/3730651'),(282,179,43,66,'tiles/image1/ee31267b0a05a89b5f2b36e6d20cccc5.jpg',176,48,80,'http://500px.com/photo/3730650'),(283,128,128,126,'tiles/image1/b1c0a8afab87ce5f7ff4762be6af6fee.jpg',144,144,112,'http://500px.com/photo/3730649'),(284,75,96,76,'tiles/image1/3efd592fbfe716e3720bafc2487b77f8.jpg',80,112,80,'http://500px.com/photo/3730648'),(285,117,98,87,'tiles/image1/72c87d397e1822ee5e80ad9f4ee0d2fa.jpg',112,112,80,'http://500px.com/photo/3730647'),(286,129,129,129,'tiles/image1/0e32c8cc636e3c9d04962a7ec69df6d4.jpg',144,144,144,'http://500px.com/photo/3730646'),(287,232,223,210,'tiles/image1/4df97ad549d626a343588349bc82e418.jpg',240,208,208,'http://500px.com/photo/3730645'),(288,124,108,99,'tiles/image1/72c31af51a0e7ed3ddc0aade438943dd.jpg',112,112,112,'http://500px.com/photo/3730644'),(289,147,118,51,'tiles/image1/013ef806d5a8a85f3d0906da2e98e27d.jpg',144,112,48,'http://500px.com/photo/3730643'),(290,57,64,31,'tiles/image1/715416e247909cc4a225ba5f6687225e.jpg',48,80,16,'http://500px.com/photo/3730642'),(291,130,136,133,'tiles/image1/348b3a662b99c3ba1f8671da8798177d.jpg',144,144,144,'http://500px.com/photo/3730641'),(292,57,49,58,'tiles/image1/ec3a67c3bccfef4f580799011dffccad.jpg',48,48,48,'http://500px.com/photo/3730640'),(293,74,67,63,'tiles/image1/9dbc7665c88b6ca41643d552039467fe.jpg',80,80,48,'http://500px.com/photo/3730639'),(294,156,119,88,'tiles/image1/ed9c40f2ea19537076883c143d26c670.jpg',144,112,80,'http://500px.com/photo/3730638'),(295,144,122,103,'tiles/image1/482a49054a36381f019eaf9143fc9486.jpg',144,112,112,'http://500px.com/photo/3730636'),(296,85,85,85,'tiles/image1/8abe884d341f0e7a592b2bb35477f714.jpg',80,80,80,'http://500px.com/photo/3730635'),(297,95,95,95,'tiles/image1/470294a5cf0b7307747838fc4a82554b.jpg',80,80,80,'http://500px.com/photo/3730634'),(298,125,129,128,'tiles/image1/0c8e7be76abb283f3ead02855eb340f8.jpg',112,144,144,'http://500px.com/photo/3730632'),(299,87,86,88,'tiles/image1/562ead05dc796189f8ac96dd1228eea9.jpg',80,80,80,'http://500px.com/photo/3730631');
/*!40000 ALTER TABLE `pixel_pixel` ENABLE KEYS */;
UNLOCK TABLES;

--
-- Table structure for table `pixel_userimage`
--

DROP TABLE IF EXISTS `pixel_userimage`;
/*!40101 SET @saved_cs_client     = @@character_set_client */;
/*!40101 SET character_set_client = utf8 */;
CREATE TABLE `pixel_userimage` (
  `id` int(11) NOT NULL AUTO_INCREMENT,
  `image` varchar(100) NOT NULL,
  `thumbnail` varchar(100) NOT NULL,
  PRIMARY KEY (`id`)
) ENGINE=MyISAM DEFAULT CHARSET=utf8;
/*!40101 SET character_set_client = @saved_cs_client */;

--
-- Dumping data for table `pixel_userimage`
--

LOCK TABLES `pixel_userimage` WRITE;
/*!40000 ALTER TABLE `pixel_userimage` DISABLE KEYS */;
/*!40000 ALTER TABLE `pixel_userimage` ENABLE KEYS */;
UNLOCK TABLES;

--
-- Table structure for table `pixel_usertiles`
--

DROP TABLE IF EXISTS `pixel_usertiles`;
/*!40101 SET @saved_cs_client     = @@character_set_client */;
/*!40101 SET character_set_client = utf8 */;
CREATE TABLE `pixel_usertiles` (
  `id` int(11) NOT NULL AUTO_INCREMENT,
  `user_image_id` int(11) NOT NULL,
  `pixel_id` int(11) NOT NULL,
  PRIMARY KEY (`id`),
  KEY `pixel_usertiles_1891138d` (`user_image_id`),
  KEY `pixel_usertiles_573266b5` (`pixel_id`)
) ENGINE=MyISAM DEFAULT CHARSET=utf8;
/*!40101 SET character_set_client = @saved_cs_client */;

--
-- Dumping data for table `pixel_usertiles`
--

LOCK TABLES `pixel_usertiles` WRITE;
/*!40000 ALTER TABLE `pixel_usertiles` DISABLE KEYS */;
/*!40000 ALTER TABLE `pixel_usertiles` ENABLE KEYS */;
UNLOCK TABLES;

--
-- Table structure for table `south_migrationhistory`
--

DROP TABLE IF EXISTS `south_migrationhistory`;
/*!40101 SET @saved_cs_client     = @@character_set_client */;
/*!40101 SET character_set_client = utf8 */;
CREATE TABLE `south_migrationhistory` (
  `id` int(11) NOT NULL AUTO_INCREMENT,
  `app_name` varchar(255) NOT NULL,
  `migration` varchar(255) NOT NULL,
  `applied` datetime NOT NULL,
  PRIMARY KEY (`id`)
) ENGINE=MyISAM AUTO_INCREMENT=9 DEFAULT CHARSET=utf8;
/*!40101 SET character_set_client = @saved_cs_client */;

--
-- Dumping data for table `south_migrationhistory`
--

LOCK TABLES `south_migrationhistory` WRITE;
/*!40000 ALTER TABLE `south_migrationhistory` DISABLE KEYS */;
INSERT INTO `south_migrationhistory` VALUES (1,'pixel','0001_initial','2011-12-15 05:14:43'),(2,'pixel','0002_auto__del_field_pixel_image3__del_field_pixel_image2__add_field_pixel_','2011-12-15 05:14:43'),(3,'pixel','0003_auto__add_field_pixel_x__add_field_pixel_y','2011-12-15 05:14:43'),(4,'pixel','0004_auto__add_field_userimage_image','2011-12-15 05:14:43'),(5,'pixel','0005_auto__add_photo__del_field_pixel_image1__add_field_pixel_photo','2011-12-15 05:14:43'),(6,'pixel','0006_auto__del_photo__add_usertiles__del_field_pixel_x__del_field_pixel_y__','2011-12-15 05:14:44'),(7,'pixel','0007_auto__add_field_pixel_url','2011-12-15 05:14:44'),(8,'pixel','0008_auto__del_field_usertiles_y__del_field_usertiles_x','2011-12-15 05:14:44');
/*!40000 ALTER TABLE `south_migrationhistory` ENABLE KEYS */;
UNLOCK TABLES;
/*!40103 SET TIME_ZONE=@OLD_TIME_ZONE */;

/*!40101 SET SQL_MODE=@OLD_SQL_MODE */;
/*!40014 SET FOREIGN_KEY_CHECKS=@OLD_FOREIGN_KEY_CHECKS */;
/*!40014 SET UNIQUE_CHECKS=@OLD_UNIQUE_CHECKS */;
/*!40101 SET CHARACTER_SET_CLIENT=@OLD_CHARACTER_SET_CLIENT */;
/*!40101 SET CHARACTER_SET_RESULTS=@OLD_CHARACTER_SET_RESULTS */;
/*!40101 SET COLLATION_CONNECTION=@OLD_COLLATION_CONNECTION */;
/*!40111 SET SQL_NOTES=@OLD_SQL_NOTES */;

-- Dump completed on 2011-12-14 21:47:57
